<?xml version="1.0"?>
<extension key="com.axtime.listmembers" type="module">
  <file>listmembers</file>
  <name>MembershipList</name>
  <description>It shows list of membership</description>
  <license>MIT</license>
  <maintainer>
    <author>Akshay Bordoloi</author>
    <email>xyup.co@gmail.com</email>
  </maintainer>
  <urls>
    <url desc="Main Extension Page">https://github.com/sqro2/civiMember</url>
    <url desc="Documentation">https://github.com/sqro2/civiMember</url>
    <url desc="Support">https://github.com/sqro2/civiMember</url>
    <url desc="Licensing">https://opensource.org/licenses/MIT</url>
  </urls>
  <releaseDate>2016-10-12</releaseDate>
  <version>1.0</version>
  <develStage>alpha</develStage>
  <compatibility>
    <ver>4.2</ver>
  </compatibility>
  <comments>This is a new, undeveloped module</comments>
  <civix>
    <namespace>CRM/Listmembers</namespace>
  </civix>
</extension>
